{"tax":{"pa_color":{"data":{"attribute_id":"1","attribute_name":"color","attribute_label":"Color","attribute_type":"color","attribute_orderby":"menu_order","attribute_public":0},"terms":{"black":{"fields":{"term_id":42,"name":"Black","slug":"black","term_group":0,"term_taxonomy_id":42,"taxonomy":"pa_color","description":"","parent":0,"count":12,"filter":"raw","meta_value":null},"meta":{"order_pa_color":"0","product_attribute_color":"#292f45"}},"green":{"fields":{"term_id":41,"name":"Green","slug":"green","term_group":0,"term_taxonomy_id":41,"taxonomy":"pa_color","description":"","parent":0,"count":12,"filter":"raw","meta_value":null},"meta":{"order_pa_color":"0","product_attribute_color":"#739c2c"}},"orange":{"fields":{"term_id":40,"name":"Orange","slug":"orange","term_group":0,"term_taxonomy_id":40,"taxonomy":"pa_color","description":"","parent":0,"count":12,"filter":"raw","meta_value":null},"meta":{"order_pa_color":"0","product_attribute_color":"#ff7800"}},"red":{"fields":{"term_id":43,"name":"Red","slug":"red","term_group":0,"term_taxonomy_id":43,"taxonomy":"pa_color","description":"","parent":0,"count":12,"filter":"raw","meta_value":null},"meta":{"order_pa_color":"0","product_attribute_color":"#ce1e1f"}}}},"pa_weight":{"data":{"attribute_id":"2","attribute_name":"weight","attribute_label":"Weight","attribute_type":"button","attribute_orderby":"menu_order","attribute_public":0},"terms":{"0-5-kg":{"fields":{"term_id":46,"name":"0.5 Kg","slug":"0-5-kg","term_group":0,"term_taxonomy_id":46,"taxonomy":"pa_weight","description":"","parent":0,"count":12,"filter":"raw","meta_value":null},"meta":{"order_pa_weight":"0"}},"1-kg":{"fields":{"term_id":47,"name":"1 Kg","slug":"1-kg","term_group":0,"term_taxonomy_id":47,"taxonomy":"pa_weight","description":"","parent":0,"count":12,"filter":"raw","meta_value":null},"meta":{"order_pa_weight":"0"}},"2-kg":{"fields":{"term_id":48,"name":"2 Kg","slug":"2-kg","term_group":0,"term_taxonomy_id":48,"taxonomy":"pa_weight","description":"","parent":0,"count":12,"filter":"raw","meta_value":null},"meta":{"order_pa_weight":"0"}},"5-kg":{"fields":{"term_id":49,"name":"5 Kg","slug":"5-kg","term_group":0,"term_taxonomy_id":49,"taxonomy":"pa_weight","description":"","parent":0,"count":12,"filter":"raw","meta_value":null},"meta":{"order_pa_weight":"0"}}}}},"products":[{"product_id":1006,"attributes":{"pa_color":{"options":["black","green","orange","red"],"name":"pa_color","positions":0,"visible":true,"variation":true},"pa_weight":{"options":["0-5-kg","1-kg","2-kg","5-kg"],"name":"pa_weight","positions":1,"visible":true,"variation":true}},"variations":["organic-juice-0-2-kg-blue","organic-juice-0-5-kg-blue","organic-juice-1-kg-blue","organic-juice-2-kg-blue","organic-juice-5-kg-blue","organic-juice-0-2-kg-green","organic-juice-0-5-kg-green","organic-juice-1-kg-green","organic-juice-2-kg-green","organic-juice-5-kg-green","organic-juice-0-2-kg-pink","organic-juice-0-5-kg-pink","organic-juice-1-kg-pink","organic-juice-2-kg-pink","organic-juice-5-kg-pink","organic-juice-0-2-kg-red","organic-juice-0-5-kg-red","organic-juice-1-kg-red","organic-juice-2-kg-red","organic-juice-5-kg-red","organic-juice-0-2-kg-yellow","organic-juice-0-5-kg-yellow","organic-juice-1-kg-yellow","organic-juice-2-kg-yellow","organic-juice-5-kg-yellow"]},{"product_id":1005,"attributes":{"pa_color":{"options":["black","green","orange","red"],"name":"pa_color","positions":0,"visible":true,"variation":true},"pa_weight":{"options":["0-5-kg","1-kg","2-kg","5-kg"],"name":"pa_weight","positions":1,"visible":true,"variation":true}},"variations":["fresh-orange-0-5-kg-black","fresh-orange-1-kg-black","fresh-orange-2-kg-black","fresh-orange-5-kg-black","fresh-orange-0-5-kg-green","fresh-orange-1-kg-green","fresh-orange-2-kg-green","fresh-orange-5-kg-green","fresh-orange-0-5-kg-orange","fresh-orange-1-kg-orange","fresh-orange-2-kg-orange","fresh-orange-5-kg-orange","fresh-orange-0-5-kg-red","fresh-orange-1-kg-red","fresh-orange-2-kg-red","fresh-orange-5-kg-red"]},{"product_id":1004,"attributes":{"pa_color":{"options":["black","green","orange","red"],"name":"pa_color","positions":0,"visible":true,"variation":true},"pa_weight":{"options":["0-5-kg","1-kg","2-kg","5-kg"],"name":"pa_weight","positions":1,"visible":true,"variation":true}},"variations":["organic-cabbage-0-5-kg-black","organic-cabbage-1-kg-black","organic-cabbage-2-kg-black","organic-cabbage-5-kg-black","organic-cabbage-0-5-kg-green","organic-cabbage-1-kg-green","organic-cabbage-2-kg-green","organic-cabbage-5-kg-green","organic-cabbage-0-5-kg-orange","organic-cabbage-1-kg-orange","organic-cabbage-2-kg-orange","organic-cabbage-5-kg-orange","organic-cabbage-0-5-kg-red","organic-cabbage-1-kg-red","organic-cabbage-2-kg-red","organic-cabbage-5-kg-red"]},{"product_id":1003,"attributes":{"pa_color":{"options":["black","green","orange","red"],"name":"pa_color","positions":0,"visible":true,"variation":true},"pa_weight":{"options":["0-5-kg","1-kg","2-kg","5-kg"],"name":"pa_weight","positions":1,"visible":true,"variation":true}},"variations":["brown-bread-0-5-kg-black","brown-bread-1-kg-black","brown-bread-2-kg-black","brown-bread-5-kg-black","brown-bread-0-5-kg-green","brown-bread-1-kg-green","brown-bread-2-kg-green","brown-bread-5-kg-green","brown-bread-0-5-kg-orange","brown-bread-1-kg-orange","brown-bread-2-kg-orange","brown-bread-5-kg-orange","brown-bread-0-5-kg-red","brown-bread-1-kg-red","brown-bread-2-kg-red","brown-bread-5-kg-red"]},{"product_id":1002,"attributes":[]},{"product_id":1001,"attributes":{"pa_color":{"options":["black","green","orange","red"],"name":"pa_color","positions":0,"visible":true,"variation":true},"pa_weight":{"options":["0-5-kg","1-kg","2-kg","5-kg"],"name":"pa_weight","positions":1,"visible":true,"variation":true}},"variations":["organic-rice-0-5-kg-black","organic-rice-1-kg-black","organic-rice-2-kg-black","organic-rice-5-kg-black","organic-rice-0-5-kg-green","organic-rice-1-kg-green","organic-rice-2-kg-green","organic-rice-5-kg-green","organic-rice-0-5-kg-orange","organic-rice-1-kg-orange","organic-rice-2-kg-orange","organic-rice-5-kg-orange","organic-rice-0-5-kg-red","organic-rice-1-kg-red","organic-rice-2-kg-red","organic-rice-5-kg-red"]},{"product_id":999,"attributes":[]},{"product_id":998,"attributes":[]},{"product_id":996,"attributes":[]},{"product_id":995,"attributes":[]},{"product_id":994,"attributes":[]},{"product_id":2972,"attributes":[]},{"product_id":29,"attributes":{"pa_color":{"options":["black","green","orange","red"],"name":"pa_color","positions":0,"visible":true,"variation":true},"pa_weight":{"options":["0-5-kg","1-kg","2-kg","5-kg"],"name":"pa_weight","positions":1,"visible":true,"variation":true}},"variations":["chicken-thighs-0-5-kg-black","chicken-thighs-1-kg-black","chicken-thighs-2-kg-black","chicken-thighs-5-kg-black","chicken-thighs-0-5-kg-green","chicken-thighs-1-kg-green","chicken-thighs-2-kg-green","chicken-thighs-5-kg-green","chicken-thighs-0-5-kg-orange","chicken-thighs-1-kg-orange","chicken-thighs-2-kg-orange","chicken-thighs-5-kg-orange","chicken-thighs-0-5-kg-red","chicken-thighs-1-kg-red","chicken-thighs-2-kg-red","chicken-thighs-5-kg-red"]},{"product_id":1506,"attributes":{"pa_color":{"options":["black","green","orange","red"],"name":"pa_color","positions":0,"visible":true,"variation":true},"pa_weight":{"options":["0-5-kg","1-kg","2-kg","5-kg"],"name":"pa_weight","positions":1,"visible":true,"variation":true}},"variations":["organic-juice-0-2-kg-blue-2","organic-juice-0-5-kg-blue-2","organic-juice-1-kg-blue-2","organic-juice-2-kg-blue-2","organic-juice-5-kg-blue-2","organic-juice-0-2-kg-green-2","organic-juice-0-5-kg-green-2","organic-juice-1-kg-green-2","organic-juice-2-kg-green-2","organic-juice-5-kg-green-2","organic-juice-0-2-kg-pink-2","organic-juice-0-5-kg-pink-2","organic-juice-1-kg-pink-2","organic-juice-2-kg-pink-2","organic-juice-5-kg-pink-2","organic-juice-0-2-kg-red-2","organic-juice-0-5-kg-red-2","organic-juice-1-kg-red-2","organic-juice-2-kg-red-2","organic-juice-5-kg-red-2","organic-juice-0-2-kg-yellow-2","organic-juice-0-5-kg-yellow-2","organic-juice-1-kg-yellow-2","organic-juice-2-kg-yellow-2","organic-juice-5-kg-yellow-2"]},{"product_id":2947,"attributes":[]},{"product_id":1533,"attributes":{"pa_color":{"options":["black","green","orange","red"],"name":"pa_color","positions":0,"visible":true,"variation":true},"pa_weight":{"options":["0-5-kg","1-kg","2-kg","5-kg"],"name":"pa_weight","positions":1,"visible":true,"variation":true}},"variations":["organic-juice-0-2-kg-blue-3","organic-juice-0-5-kg-blue-3","organic-juice-1-kg-blue-3","organic-juice-2-kg-blue-3","organic-juice-5-kg-blue-3","organic-juice-0-2-kg-green-3","organic-juice-0-5-kg-green-3","organic-juice-1-kg-green-3","organic-juice-2-kg-green-3","organic-juice-5-kg-green-3","organic-juice-0-2-kg-pink-3","organic-juice-0-5-kg-pink-3","organic-juice-1-kg-pink-3","organic-juice-2-kg-pink-3","organic-juice-5-kg-pink-3","organic-juice-0-2-kg-red-3","organic-juice-0-5-kg-red-3","organic-juice-1-kg-red-3","organic-juice-2-kg-red-3","organic-juice-5-kg-red-3","organic-juice-0-2-kg-yellow-3","organic-juice-0-5-kg-yellow-3","organic-juice-1-kg-yellow-3","organic-juice-2-kg-yellow-3","organic-juice-5-kg-yellow-3"]},{"product_id":2933,"attributes":[]},{"product_id":2931,"attributes":[]},{"product_id":2913,"attributes":{"pa_color":{"options":["black","green","orange","red"],"name":"pa_color","positions":0,"visible":true,"variation":true},"pa_weight":{"options":["0-5-kg","1-kg","2-kg","5-kg"],"name":"pa_weight","positions":1,"visible":true,"variation":true}},"variations":["organic-cabbage-0-5-kg-black-2","organic-cabbage-1-kg-black-2","organic-cabbage-2-kg-black-2","organic-cabbage-5-kg-black-2","organic-cabbage-0-5-kg-green-2","organic-cabbage-1-kg-green-2","organic-cabbage-2-kg-green-2","organic-cabbage-5-kg-green-2","organic-cabbage-0-5-kg-orange-2","organic-cabbage-1-kg-orange-2","organic-cabbage-2-kg-orange-2","organic-cabbage-5-kg-orange-2","organic-cabbage-0-5-kg-red-2","organic-cabbage-1-kg-red-2","organic-cabbage-2-kg-red-2","organic-cabbage-5-kg-red-2"]},{"product_id":2911,"attributes":[]},{"product_id":2909,"attributes":[]},{"product_id":2905,"attributes":[]},{"product_id":2872,"attributes":{"pa_color":{"options":["black","green","orange","red"],"name":"pa_color","positions":0,"visible":true,"variation":true},"pa_weight":{"options":["0-5-kg","1-kg","2-kg","5-kg"],"name":"pa_weight","positions":1,"visible":true,"variation":true}},"variations":["fresh-orange-0-5-kg-black-2","fresh-orange-1-kg-black-2","fresh-orange-2-kg-black-2","fresh-orange-5-kg-black-2","fresh-orange-0-5-kg-green-2","fresh-orange-1-kg-green-2","fresh-orange-2-kg-green-2","fresh-orange-5-kg-green-2","fresh-orange-0-5-kg-orange-2","fresh-orange-1-kg-orange-2","fresh-orange-2-kg-orange-2","fresh-orange-5-kg-orange-2","fresh-orange-0-5-kg-red-2","fresh-orange-1-kg-red-2","fresh-orange-2-kg-red-2","fresh-orange-5-kg-red-2"]},{"product_id":2949,"attributes":[]},{"product_id":3101,"attributes":[]},{"product_id":3129,"attributes":[]},{"product_id":3131,"attributes":[]},{"product_id":3133,"attributes":[]},{"product_id":3135,"attributes":[]},{"product_id":3137,"attributes":[]},{"product_id":5671,"attributes":[]},{"product_id":5669,"attributes":[]},{"product_id":5659,"attributes":[]},{"product_id":5722,"attributes":[]},{"product_id":5705,"attributes":[]},{"product_id":5676,"attributes":{"pa_color":{"options":["black","green","orange","red"],"name":"pa_color","positions":0,"visible":true,"variation":true},"pa_weight":{"options":["0-5-kg","1-kg","2-kg","5-kg"],"name":"pa_weight","positions":1,"visible":true,"variation":true}},"variations":[]},{"product_id":6409,"attributes":[]},{"product_id":6408,"attributes":[]},{"product_id":6404,"attributes":{"pa_color":{"options":["black","green","orange","red"],"name":"pa_color","positions":0,"visible":true,"variation":true},"pa_weight":{"options":["0-5-kg","1-kg","2-kg","5-kg"],"name":"pa_weight","positions":1,"visible":true,"variation":true}},"variations":[]}]}